{"cameraMode":{"drawMode":0,"name":"Shaded","section":"Shading Mode"},"sceneLighting":false,"audioPlay":false,"sceneViewState":{"m_AlwaysRefresh":false,"showFog":true,"showSkybox":true,"showFlares":true,"showImageEffects":true,"showParticleSystems":true,"showVisualEffectGraphs":true,"m_FxEnabled":true},"in2DMode":false,"pivot":{"x":611.499755859375,"y":362.6316223144531,"z":8.76661491394043},"rotation":{"x":0.08108910173177719,"y":0.017538178712129594,"z":0.001427165698260069,"w":-0.9965550303459168},"size":131.18014526367188,"orthographic":false}